카테고리 상,카테고리 중,카테고리 하
여성의류,아우터,패딩
여성의류,아우터,점퍼
여성의류,아우터,코트
여성의류,아우터,자켓
여성의류,아우터,가디건
여성의류,아우터,조끼/베스트
여성의류,상의,후드티/후드집업
여성의류,상의,맨투맨
여성의류,상의,니트/스웨터
여성의류,상의,셔츠
여성의류,상의,반팔 티셔츠
여성의류,상의,긴팔 티셔츠
여성의류,상의,민소매 티셔츠
여성의류,바지,데님/청바지
여성의류,바지,면바지
여성의류,바지,슬랙스
여성의류,바지,트레이닝/조거팬츠
여성의류,바지,반바지
여성의류,바지,기타 바지
여성의류,점프수트,
여성의류,셋업/세트,정장/셋업
여성의류,셋업/세트,트레이닝/스웨트 셋업
여성의류,셋업/세트,기타 셋업/세트
여성의류,언더웨어/홈웨어,언더웨어
여성의류,언더웨어/홈웨어,홈웨어
여성의류,테마/이벤트,코스튬/코스프레
여성의류,테마/이벤트,한복
여성의류,테마/이벤트,기타 테마/이벤트
남성의류,아우터,패딩
남성의류,아우터,점퍼
남성의류,아우터,코트
남성의류,아우터,자켓
남성의류,아우터,가디건
남성의류,아우터,조끼/베스트
남성의류,상의,후드티/후드집업
남성의류,상의,맨투맨
남성의류,상의,니트/스웨터
남성의류,상의,셔츠
남성의류,상의,반팔 티셔츠
남성의류,상의,긴팔 티셔츠
남성의류,상의,민소매 티셔츠
남성의류,바지,데님/청바지
남성의류,바지,면바지
남성의류,바지,슬랙스
남성의류,바지,트레이닝/조거팬츠
남성의류,바지,반바지
남성의류,바지,기타 바지
남성의류,점프수트,
남성의류,셋업/세트,정장/셋업
남성의류,셋업/세트,트레이닝/스웨트 셋업
남성의류,셋업/세트,기타 셋업/세트
남성의류,언더웨어/홈웨어,언더웨어
남성의류,언더웨어/홈웨어,홈웨어
남성의류,테마/이벤트,코스튬/코스프레
남성의류,테마/이벤트,한복
남성의류,테마/이벤트,기타 테마/이벤트
신발,스니커즈,
신발,남성화,샌들/슬리퍼
신발,남성화,구두/로퍼
신발,남성화,워커/부츠
신발,남성화,기타 남성화
신발,여성화,샌들/슬리퍼
신발,여성화,구두
신발,여성화,단화/플랫슈즈
신발,여성화,워커/부츠
신발,여성화,기타 여성화
신발,스포츠화,농구화
신발,스포츠화,골프화
신발,스포츠화,축구/풋살화
신발,스포츠화,테니스화
신발,스포츠화,등산화/트레킹화
신발,스포츠화,야구화
신발,스포츠화,기타 스포츠화
가방/지갑,여성가방,클러치백
가방/지갑,여성가방,숄더백
가방/지갑,여성가방,크로스백
가방/지갑,여성가방,토트백
가방/지갑,여성가방,백팩
가방/지갑,여성가방,기타 여성가방
가방/지갑,남성가방,클러치
가방/지갑,남성가방,숄더백
가방/지갑,남성가방,크로스백
가방/지갑,남성가방,브리프케이스
가방/지갑,남성가방,백팩
가방/지갑,남성가방,기타 남성가방
가방/지갑,여행용 가방,캐리어
가방/지갑,여행용 가방,기타 여행용 가방
가방/지갑,여성지갑,
가방/지갑,남성지갑,
가방/지갑,기타 지갑,
시계,남성시계,프리미엄 시계(쿼츠)
시계,남성시계,프리미엄 시계(기계식)
시계,남성시계,일반 시계(디지털)
시계,남성시계,일반 시계(메탈 밴드)
시계,남성시계,일반 시계(가죽 밴드)
시계,남성시계,일반 시계(기타 밴드)
시계,여성시계,프리미엄 시계(쿼츠)
시계,여성시계,프리미엄 시계(기계식)
시계,여성시계,일반 시계(디지털)
시계,여성시계,일반 시계(메탈 밴드)
시계,여성시계,일반 시계(가죽 밴드)
시계,여성시계,일반 시계(기타 밴드)
시계,시계용품,스트랩
시계,시계용품,기타 시계용품
쥬얼리,귀걸이/피어싱,다이아몬드 귀걸이
쥬얼리,귀걸이/피어싱,금 귀걸이
쥬얼리,귀걸이/피어싱,은 귀걸이
쥬얼리,귀걸이/피어싱,진주/유색보석 귀걸이
쥬얼리,귀걸이/피어싱,패션 귀걸이
쥬얼리,귀걸이/피어싱,피어싱
쥬얼리,귀걸이/피어싱,귀찌/이어커프
쥬얼리,목걸이/펜던트,다이아몬드 목걸이
쥬얼리,목걸이/펜던트,금 목걸이
쥬얼리,목걸이/펜던트,은 목걸이
쥬얼리,목걸이/펜던트,진주/유색보석 목걸이
쥬얼리,목걸이/펜던트,패션 목걸이
쥬얼리,목걸이/펜던트,초커
쥬얼리,팔찌,금팔찌
쥬얼리,팔찌,은팔찌
쥬얼리,팔찌,패션 팔찌
쥬얼리,발찌,금발찌
쥬얼리,발찌,패션발찌
쥬얼리,반지,다이아몬드 반지
쥬얼리,반지,금반지
쥬얼리,반지,은반지
쥬얼리,반지,진주/유색보석 반지
쥬얼리,반지,패션반지
쥬얼리,쥬얼리 세트,귀금속 쥬얼리 세트
쥬얼리,쥬얼리 세트,패션 쥬얼리 세트
쥬얼리,기타 쥬얼리,
패션 액세서리,모자,볼캡
패션 액세서리,모자,버킷
패션 액세서리,모자,스냅백
패션 액세서리,모자,비니
패션 액세서리,모자,기타(모자)
패션 액세서리,안경/선글라스,선글라스
패션 액세서리,안경/선글라스,안경
패션 액세서리,목도리/장갑,목도리
패션 액세서리,목도리/장갑,장갑
패션 액세서리,스카프/넥타이,스카프
패션 액세서리,스카프/넥타이,넥타이
패션 액세서리,벨트,남성 벨트
패션 액세서리,벨트,여성 벨트
패션 액세서리,양말/스타킹,양말
패션 액세서리,양말/스타킹,스타킹
패션 액세서리,우산/양산,
패션 액세서리,키링/키케이스,
패션 액세서리,기타 액세서리,
디지털,휴대폰,스마트폰
디지털,휴대폰,일반폰(피처폰)
디지털,휴대폰,케이스/보호필름/액세서리
디지털,휴대폰,케이블/충전기/주변기기
디지털,휴대폰,기타 휴대폰
디지털,태블릿,태블릿
디지털,태블릿,케이스/보호필름/액세서리
디지털,태블릿,케이블/충전기/주변기기
디지털,웨어러블(워치/밴드),스마트워치/밴드
디지털,웨어러블(워치/밴드),케이스/보호필름/액세서리
디지털,웨어러블(워치/밴드),케이블/충전기/주변기기
디지털,오디오/영상/관련기기,이어폰
디지털,오디오/영상/관련기기,헤드폰
디지털,오디오/영상/관련기기,스피커/앰프
디지털,오디오/영상/관련기기,MP3/PMP
디지털,오디오/영상/관련기기,비디오/프로젝터
디지털,오디오/영상/관련기기,오디오/홈시어터
디지털,오디오/영상/관련기기,기타 오디오/영상/관련기기
디지털,PC/노트북,데스크탑
디지털,PC/노트북,노트북/넷북
디지털,PC/노트북,모니터
디지털,PC/노트북,키보드
디지털,PC/노트북,마우스
디지털,PC/노트북,기타 PC 주변기기
디지털,PC/노트북,노트북 가방/액세서리
디지털,PC/노트북,기타 PC/노트북
디지털,게임/타이틀,닌텐도/NDS/Wii
디지털,게임/타이틀,소니/플레이스테이션
디지털,게임/타이틀,XBOX
디지털,게임/타이틀,PC게임
디지털,게임/타이틀,기타 게임/타이틀
디지털,카메라/DSLR,필름카메라/중형카메라
디지털,카메라/DSLR,DSLR/미러리스
디지털,카메라/DSLR,렌즈/필터/컨버터
디지털,카메라/DSLR,일반디카/토이카메라
디지털,카메라/DSLR,삼각대/플래시/조명
디지털,카메라/DSLR,디지털 캠코더
디지털,카메라/DSLR,메모리/배터리/가방
디지털,카메라/DSLR,기타 카메라
디지털,PC부품/저장장치,CPU/메인보드
디지털,PC부품/저장장치,HDD/ODD/SSD
디지털,PC부품/저장장치,USB/케이블/스피커
디지털,PC부품/저장장치,복합기/프린터
디지털,PC부품/저장장치,네트워크장비
디지털,PC부품/저장장치,쿨러/파워서플라이
디지털,PC부품/저장장치,메모리/VGA
디지털,PC부품/저장장치,소모품
가전제품,생활가전,마사지기
가전제품,생활가전,청소기
가전제품,생활가전,공기청정기
가전제품,생활가전,가습기
가전제품,생활가전,제습기
가전제품,생활가전,선풍기/냉풍기
가전제품,생활가전,히터/온풍기
가전제품,생활가전,전기매트/장판
가전제품,생활가전,다리미
가전제품,생활가전,미싱/재봉틀
가전제품,주방가전,인덕션/전기레인지
가전제품,주방가전,전기밥솥
가전제품,주방가전,커피머신
가전제품,주방가전,에어프라이어
가전제품,주방가전,믹서기/블렌더
가전제품,주방가전,식기세척기
가전제품,주방가전,정수기
가전제품,주방가전,오븐
가전제품,주방가전,전기포트
가전제품,주방가전,토스터
가전제품,주방가전,전자레인지
가전제품,주방가전,음식물 처리기
가전제품,미용가전,피부케어기기
가전제품,미용가전,고데기
가전제품,미용가전,드라이기
가전제품,미용가전,면도기/이발기
가전제품,미용가전,제모기
가전제품,냉장고,
가전제품,에어컨,
가전제품,세탁기/건조기,
가전제품,TV,
가전제품,사무기기(복사기/팩스 등),
가전제품,기타 가전제품,
스포츠/레저,골프,골프 채
스포츠/레저,골프,골프 남성 의류
스포츠/레저,골프,골프 여성 의류
스포츠/레저,골프,골프백
스포츠/레저,골프,골프공
스포츠/레저,골프,골프 커버
스포츠/레저,골프,기타 골프 용품
스포츠/레저,캠핑,캠핑 의자/테이블
스포츠/레저,캠핑,캠핑 취사용품
스포츠/레저,캠핑,캠핑 랜턴
스포츠/레저,캠핑,침낭/매트/해먹
스포츠/레저,캠핑,텐트/그늘막
스포츠/레저,캠핑,기타 캠핑 용품
스포츠/레저,낚시,공통 낚시 장비
스포츠/레저,낚시,바다 낚시
스포츠/레저,낚시,민물 낚시
스포츠/레저,낚시,루어/플라이 낚시
스포츠/레저,낚시,낚시 의류 및 기타 용품
스포츠/레저,축구,축구 의류/잡화
스포츠/레저,축구,축구 용품
스포츠/레저,축구,굿즈(카드/사인볼 등)
스포츠/레저,야구,야구 의류/잡화
스포츠/레저,야구,야구 용품
스포츠/레저,야구,글러브
스포츠/레저,야구,굿즈(카드/사인볼 등)
스포츠/레저,농구,농구 의류/잡화
스포츠/레저,농구,농구 용품
스포츠/레저,농구,굿즈(카드/사인볼 등)
스포츠/레저,자전거,자전거 의류 및 액세서리
스포츠/레저,자전거,자전거 부품
스포츠/레저,자전거,클래식/픽시
스포츠/레저,자전거,로드/BMX
스포츠/레저,자전거,MTB/산악
스포츠/레저,자전거,전동/하이브리드
스포츠/레저,자전거,미니벨로/접이식
스포츠/레저,자전거,기타 자전거
스포츠/레저,등산/클라이밍,남성 등산복
스포츠/레저,등산/클라이밍,여성 등산복
스포츠/레저,등산/클라이밍,등산 가방
스포츠/레저,등산/클라이밍,암벽/클라이밍
스포츠/레저,등산/클라이밍,기타 등산 용품
스포츠/레저,헬스/요가/필라테스,헬스/요가/필라테스 장비
스포츠/레저,헬스/요가/필라테스,헬스/요가/필라테스 의류
스포츠/레저,헬스/요가/필라테스,기타 용품
스포츠/레저,인라인/스케이트보드,
스포츠/레저,전동킥보드/전동휠,
스포츠/레저,테니스,
스포츠/레저,배드민턴,
스포츠/레저,볼링,
스포츠/레저,탁구,
스포츠/레저,당구,
스포츠/레저,겨울 스포츠,스키/보드 의류 및 잡화
스포츠/레저,겨울 스포츠,스노우보드 장비
스포츠/레저,겨울 스포츠,스키 장비
스포츠/레저,겨울 스포츠,기타 겨울 스포츠
스포츠/레저,수상 스포츠,남성 수영복/래쉬가드
스포츠/레저,수상 스포츠,여성 수영복/래쉬가드
스포츠/레저,수상 스포츠,수영/물놀이 용품
스포츠/레저,수상 스포츠,서핑
스포츠/레저,수상 스포츠,기타 수상 스포츠
스포츠/레저,격투/무술,복싱
스포츠/레저,격투/무술,주짓수
스포츠/레저,격투/무술,기타 격투/무술
스포츠/레저,기타 스포츠,
차량/오토바이,차량 용품/부품,타이어/휠
차량/오토바이,차량 용품/부품,차량 부품
차량/오토바이,차량 용품/부품,차량/튜닝 용품
차량/오토바이,차량 용품/부품,네비게이션/블랙박스
차량/오토바이,차량 용품/부품,카오디오/영상
차량/오토바이,오토바이/스쿠터,오토바이(125cc 이하)
차량/오토바이,오토바이/스쿠터,오토바이(125cc 초과)
차량/오토바이,오토바이 용품/부품,라이더 용품
차량/오토바이,오토바이 용품/부품,오토바이 부품
차량/오토바이,오토바이 용품/부품,오토바이/튜닝 용품
차량/오토바이,오토바이 용품/부품,기타(오토바이 용품/부품)
스타굿즈,보이그룹,음반/영상물
스타굿즈,보이그룹,팬시/포토카드
스타굿즈,보이그룹,포스터/화보
스타굿즈,보이그룹,인형/피규어
스타굿즈,보이그룹,응원도구
스타굿즈,보이그룹,의류/패션잡화
스타굿즈,보이그룹,기타(보이그룹)
스타굿즈,걸그룹,음반/영상물
스타굿즈,걸그룹,팬시/포토카드
스타굿즈,걸그룹,포스터/화보
스타굿즈,걸그룹,응원도구
스타굿즈,걸그룹,인형/피규어
스타굿즈,걸그룹,의류/패션잡화
스타굿즈,걸그룹,기타(걸그룹)
스타굿즈,솔로(남),음반/영상물
스타굿즈,솔로(남),팬시/포토카드
스타굿즈,솔로(남),포스터/화보
스타굿즈,솔로(남),인형/피규어
스타굿즈,솔로(남),응원도구
스타굿즈,솔로(남),의류/패션잡화
스타굿즈,솔로(남),기타(솔로-남)
스타굿즈,솔로(여),음반/영상물
스타굿즈,솔로(여),팬시/포토카드
스타굿즈,솔로(여),포스터/화보
스타굿즈,솔로(여),인형/피규어
스타굿즈,솔로(여),응원도구
스타굿즈,솔로(여),의류/패션잡화
스타굿즈,솔로(여),기타(솔로-여)
스타굿즈,배우(남),음반/영상물
스타굿즈,배우(남),팬시/포토카드
스타굿즈,배우(남),포스터/화보
스타굿즈,배우(남),인형/피규어
스타굿즈,배우(남),응원도구
스타굿즈,배우(남),의류/패션잡화
스타굿즈,배우(남),기타(배우-남)
스타굿즈,배우(여),음반/영상물
스타굿즈,배우(여),팬시/포토카드
스타굿즈,배우(여),포스터/화보
스타굿즈,배우(여),인형/피규어
스타굿즈,배우(여),응원도구
스타굿즈,배우(여),의류/패션잡화
스타굿즈,배우(여),기타(배우-여)
스타굿즈,방송/예능/캐릭터,음반/영상물
스타굿즈,방송/예능/캐릭터,팬시/포토카드
스타굿즈,방송/예능/캐릭터,포스터/화보
스타굿즈,방송/예능/캐릭터,인형/피규어
스타굿즈,방송/예능/캐릭터,응원도구
스타굿즈,방송/예능/캐릭터,의류/패션잡화
스타굿즈,방송/예능/캐릭터,기타(방송인)
스타굿즈,기타,
키덜트,피규어/인형,
키덜트,레고/블럭,
키덜트,프라모델,
키덜트,RC/드론,
키덜트,보드게임,
키덜트,서바이벌건,
키덜트,기타(키덜트),
예술/희귀/수집품,희귀/수집품,
예술/희귀/수집품,골동품,
예술/희귀/수집품,예술작품,
음반/악기,CD/DVD/LP,
음반/악기,악기,관악기
음반/악기,악기,현악기
음반/악기,악기,타악기
음반/악기,악기,건반악기
음반/악기,악기,전자악기
음반/악기,악기,악기 용품
음반/악기,악기,기타(음반/악기)
도서/티켓/문구,도서,시/소설
도서/티켓/문구,도서,자기계발
도서/티켓/문구,도서,교양/인문
도서/티켓/문구,도서,경제/경영
도서/티켓/문구,도서,학습/사전/참고서
도서/티켓/문구,도서,아동/어린이
도서/티켓/문구,도서,만화
도서/티켓/문구,도서,예술/디자인
도서/티켓/문구,도서,여행/취미/레저/건강
도서/티켓/문구,도서,사회/정치/법
도서/티켓/문구,도서,과학/IT
도서/티켓/문구,도서,간행물
도서/티켓/문구,도서,기타(도서)
도서/티켓/문구,문구,학습도구/문구/필기류
도서/티켓/문구,문구,미술/화방용품
도서/티켓/문구,기프티콘/쿠폰,치킨/피자/햄버거
도서/티켓/문구,기프티콘/쿠폰,베이커리/도넛/아이스크림
도서/티켓/문구,기프티콘/쿠폰,커피(음료)
도서/티켓/문구,기프티콘/쿠폰,편의점
도서/티켓/문구,기프티콘/쿠폰,기타(기프티콘/쿠폰)
도서/티켓/문구,상품권,문화/도서
도서/티켓/문구,상품권,백화점
도서/티켓/문구,상품권,외식
도서/티켓/문구,상품권,기타(상품권)
도서/티켓/문구,티켓,뮤지컬/연극
도서/티켓/문구,티켓,콘서트
도서/티켓/문구,티켓,영화(예매/관람권)
도서/티켓/문구,티켓,여행/숙박/렌트
도서/티켓/문구,티켓,테마파크
도서/티켓/문구,티켓,스포츠/레저
도서/티켓/문구,티켓,공연/전시/행사
도서/티켓/문구,티켓,기타(티켓)
뷰티/미용,스킨케어,클렌징/스크럽
뷰티/미용,스킨케어,스킨/토너/미스트
뷰티/미용,스킨케어,로션/에멀젼
뷰티/미용,스킨케어,에센스/크림
뷰티/미용,스킨케어,팩/마스크
뷰티/미용,스킨케어,썬케어
뷰티/미용,스킨케어,기타(스킨케어)
뷰티/미용,색조메이크업,아이라이너/브로우
뷰티/미용,색조메이크업,아이섀도우
뷰티/미용,색조메이크업,마스카라
뷰티/미용,색조메이크업,립틴트
뷰티/미용,색조메이크업,립밤/립글로즈
뷰티/미용,색조메이크업,립스틱
뷰티/미용,색조메이크업,치크/블러셔
뷰티/미용,색조메이크업,기타(색조메이크업)
뷰티/미용,베이스메이크업,메이크업베이스
뷰티/미용,베이스메이크업,BB/CC크림
뷰티/미용,베이스메이크업,쿠션팩트
뷰티/미용,베이스메이크업,파운데이션
뷰티/미용,베이스메이크업,파우더/팩트
뷰티/미용,베이스메이크업,프라이머/컨실러
뷰티/미용,베이스메이크업,기타(베이스메이크업)
뷰티/미용,바디/헤어케어,샴푸/린스
뷰티/미용,바디/헤어케어,헤어에센스/트리트먼트
뷰티/미용,바디/헤어케어,헤어스타일링
뷰티/미용,바디/헤어케어,헤어컬러(염색)
뷰티/미용,바디/헤어케어,발모제/탈모관련
뷰티/미용,바디/헤어케어,바디클렌져/로션
뷰티/미용,바디/헤어케어,핸드/풋케어
뷰티/미용,바디/헤어케어,기타(헤어/바디)
뷰티/미용,향수/아로마,여성 향수
뷰티/미용,향수/아로마,남성 향수
뷰티/미용,향수/아로마,남여공용 향수
뷰티/미용,향수/아로마,기타(향수/아로마)
뷰티/미용,네일아트/케어,네일아트/스티커
뷰티/미용,네일아트/케어,매니큐어/페디큐어
뷰티/미용,네일아트/케어,네일케어도구
뷰티/미용,네일아트/케어,네일리무버
뷰티/미용,네일아트/케어,기타(네일아트/케어)
뷰티/미용,미용소품/기기,뷰티소품(퍼프/거울)
뷰티/미용,미용소품/기기,메이크업 브러쉬
뷰티/미용,미용소품/기기,화장품 파우치/정리함
뷰티/미용,미용소품/기기,기타(이미용품)
뷰티/미용,다이어트/이너뷰티,
뷰티/미용,남성 화장품,스킨/로션
뷰티/미용,남성 화장품,클렌징/마스크
뷰티/미용,남성 화장품,에센스/크림
뷰티/미용,남성 화장품,BB크림
뷰티/미용,남성 화장품,선케어
뷰티/미용,남성 화장품,왁스
뷰티/미용,남성 화장품,올인원
뷰티/미용,남성 화장품,세트
뷰티/미용,남성 화장품,기타(남성화장품)
가구/인테리어,가구,거실가구
가구/인테리어,가구,침실가구
가구/인테리어,가구,학생/서재/사무용가구
가구/인테리어,가구,선반/수납 가구
가구/인테리어,가구,주방가구
가구/인테리어,침구,
가구/인테리어,수공예/수선,수공예품
가구/인테리어,수공예/수선,수공예 용품/부자재
가구/인테리어,셀프 인테리어 용품,
가구/인테리어,인테리어 소품,포스터/그림/액자
가구/인테리어,인테리어 소품,디퓨저/캔들
가구/인테리어,인테리어 소품,쿠션/방석
가구/인테리어,인테리어 소품,탁상/벽시계
가구/인테리어,인테리어 소품,식탁보/테이블 매트
가구/인테리어,인테리어 소품,거울
가구/인테리어,인테리어 소품,기타 인테리어 소품
가구/인테리어,꽃/원예,식물/꽃
가구/인테리어,꽃/원예,원예 용품
가구/인테리어,조명,
가구/인테리어,카페트/러그/매트,
가구/인테리어,커튼/블라인드,
생활/주방용품,주방용품,그릇/홈세트
생활/주방용품,주방용품,잔/컵
생활/주방용품,주방용품,텀블러/물병
생활/주방용품,주방용품,수저/커트러리
생활/주방용품,주방용품,업소용품/기기
생활/주방용품,주방용품,냄비/프라이팬
생활/주방용품,주방용품,조리도구
생활/주방용품,주방용품,칼/도마
생활/주방용품,주방용품,보관/밀폐용기
생활/주방용품,주방용품,주전자/티포트
생활/주방용품,주방용품,커피용품
생활/주방용품,주방용품,제과/제빵
생활/주방용품,주방용품,주방수납용품
생활/주방용품,주방용품,기타 주방용품
생활/주방용품,욕실용품,구강/면도용품
생활/주방용품,욕실용품,샤워/목욕용품
생활/주방용품,욕실용품,수건/타월
생활/주방용품,욕실용품,샤워기/헤드/수전용품
생활/주방용품,욕실용품,욕실수납/정리
생활/주방용품,욕실용품,욕조/반신욕 용품
생활/주방용품,욕실용품,변기/비데용품
생활/주방용품,욕실용품,기타 욕실용품
생활/주방용품,생활용품,청소용품
생활/주방용품,생활용품,세탁/빨래용품
생활/주방용품,생활용품,세제
생활/주방용품,생활용품,화장지
생활/주방용품,생활용품,생리대
생활/주방용품,생활용품,기타 생활용품
생활/주방용품,생활용품,건전 성인용품
공구/산업용품,드릴/전동공구,
공구/산업용품,수공구/가정용 공구,
공구/산업용품,공구함,
공구/산업용품,산업용품/자재,
공구/산업용품,측정/계측/레벨,
공구/산업용품,공장기계/용접/가스,
공구/산업용품,에어/유압공구,
공구/산업용품,기타 산업용품,
식품,건강식품,
식품,농수축산물,
식품,간식,
식품,커피/차,
식품,생수/음료,
식품,면/통조림,
식품,장/소스/오일,
식품,간편조리식품,
식품,기타 식품,
유아동/출산,베이비의류(0-2세),우주복/슈트
유아동/출산,베이비의류(0-2세),싸개/배냇저고리
유아동/출산,베이비의류(0-2세),원피스
유아동/출산,베이비의류(0-2세),유아상의
유아동/출산,베이비의류(0-2세),유아하의
유아동/출산,베이비의류(0-2세),유아내의/속옷
유아동/출산,베이비의류(0-2세),자켓/점퍼
유아동/출산,베이비의류(0-2세),정장/드레스
유아동/출산,베이비의류(0-2세),베이비수영복
유아동/출산,베이비의류(0-2세),기타 베이비의류
유아동/출산,여아의류(3-6세),원피스
유아동/출산,여아의류(3-6세),상하복/세트
유아동/출산,여아의류(3-6세),자켓/점퍼
유아동/출산,여아의류(3-6세),코트/정장
유아동/출산,여아의류(3-6세),가디건/조끼
유아동/출산,여아의류(3-6세),니트/스웨터
유아동/출산,여아의류(3-6세),블라우스/셔츠
유아동/출산,여아의류(3-6세),티셔츠
유아동/출산,여아의류(3-6세),바지
유아동/출산,여아의류(3-6세),치마
유아동/출산,여아의류(3-6세),스포츠/테마의류
유아동/출산,여아의류(3-6세),속옷/잠옷
유아동/출산,여아의류(3-6세),기타 여아의류
유아동/출산,남아의류(3-6세),상하복/세트
유아동/출산,남아의류(3-6세),자켓/점퍼
유아동/출산,남아의류(3-6세),코트/정장
유아동/출산,남아의류(3-6세),가디건/조끼
유아동/출산,남아의류(3-6세),니트/스웨터
유아동/출산,남아의류(3-6세),셔츠/남방
유아동/출산,남아의류(3-6세),티셔츠
유아동/출산,남아의류(3-6세),바지
유아동/출산,남아의류(3-6세),스포츠/테마의류
유아동/출산,남아의류(3-6세),속옷/잠옷
유아동/출산,남아의류(3-6세),기타 남아의류
유아동/출산,여주니어의류(7세~),원피스
유아동/출산,여주니어의류(7세~),상하복/세트
유아동/출산,여주니어의류(7세~),자켓/점퍼
유아동/출산,여주니어의류(7세~),코트/정장
유아동/출산,여주니어의류(7세~),가디건/조끼
유아동/출산,여주니어의류(7세~),니트/스웨터
유아동/출산,여주니어의류(7세~),블라우스/셔츠
유아동/출산,여주니어의류(7세~),티셔츠
유아동/출산,여주니어의류(7세~),바지
유아동/출산,여주니어의류(7세~),치마
유아동/출산,여주니어의류(7세~),스포츠/테마의류
유아동/출산,여주니어의류(7세~),속옷/잠옷
유아동/출산,여주니어의류(7세~),기타 여주니어의류
유아동/출산,남주니어의류(7세~),상하복/세트
유아동/출산,남주니어의류(7세~),자켓/점퍼
유아동/출산,남주니어의류(7세~),코트/정장
유아동/출산,남주니어의류(7세~),가디건/조끼
유아동/출산,남주니어의류(7세~),니트/스웨터
유아동/출산,남주니어의류(7세~),셔츠/남방
유아동/출산,남주니어의류(7세~),티셔츠
유아동/출산,남주니어의류(7세~),바지
유아동/출산,남주니어의류(7세~),스포츠/테마의류
유아동/출산,남주니어의류(7세~),속옷/잠옷
유아동/출산,남주니어의류(7세~),기타 남주니어의류
유아동/출산,신발/가방/잡화,액세서리
유아동/출산,신발/가방/잡화,신발
유아동/출산,신발/가방/잡화,가방/지갑
유아동/출산,신발/가방/잡화,모자
유아동/출산,신발/가방/잡화,양말
유아동/출산,신발/가방/잡화,기타 신발/가방/잡화
유아동/출산,유아동용품,유모차
유아동/출산,유아동용품,아기띠
유아동/출산,유아동용품,카시트
유아동/출산,유아동용품,보행기/쏘서
유아동/출산,유아동용품,기저귀
유아동/출산,유아동용품,가구/침대/매트
유아동/출산,유아동용품,이불/침구
유아동/출산,유아동용품,목욕/구강용품
유아동/출산,유아동용품,세탁/위생용품
유아동/출산,유아동용품,유아동 스킨케어
유아동/출산,유아동용품,기타 유아동용품
유아동/출산,임부 의류/용품,임부의류/수유복
유아동/출산,임부 의류/용품,임부스킨케어
유아동/출산,임부 의류/용품,기타 임부 의류/용품
유아동/출산,교구/완구/인형,인형(유아용)
유아동/출산,교구/완구/인형,캐릭터완구/로봇
유아동/출산,교구/완구/인형,교구/CD/DVD
유아동/출산,교구/완구/인형,퍼즐/블록
유아동/출산,교구/완구/인형,스포츠완구
유아동/출산,교구/완구/인형,신생아완구
유아동/출산,교구/완구/인형,자전거/승용완구
유아동/출산,교구/완구/인형,물놀이/계절용품
유아동/출산,교구/완구/인형,놀이집/텐트/미끄럼틀
유아동/출산,교구/완구/인형,기타 교구/완구/인형
유아동/출산,수유/이유용품,수유용품
유아동/출산,수유/이유용품,젖병/세정용품
유아동/출산,수유/이유용품,분유
유아동/출산,수유/이유용품,수저/식판/이유식용품
유아동/출산,수유/이유용품,기타 수유/이유용품
반려동물용품,강아지 용품,
반려동물용품,강아지 사료/간식,
반려동물용품,기타(강아지),
반려동물용품,고양이 용품,
반려동물용품,고양이 사료/간식,
반려동물용품,기타(고양이),
반려동물용품,기타(반려동물 용품),
반려동물용품,기타(반려동물 사료/간식),
기타,,
재능,디자인/영상/사진,그림/디자인
재능,디자인/영상/사진,사진/영상제작
재능,디자인/영상/사진,음악/녹음
재능,디자인/영상/사진,기타
재능,생활서비스/지식,상담/노하우
재능,생활서비스/지식,생활서비스
재능,생활서비스/지식,대행서비스
재능,생활서비스/지식,기타
재능,스타일/뷰티,피부/메이크업
재능,스타일/뷰티,의류/헤어
재능,스타일/뷰티,기타
재능,블로그/문서/번역,포스팅/리뷰
재능,블로그/문서/번역,타이핑/문서
재능,블로그/문서/번역,번역/통역
재능,블로그/문서/번역,기타
재능,거래 대행,구매 대행
재능,거래 대행,판매 대행
재능,거래 대행,기타
재능,기타 재능,기타 재능
